publisher,url,status
1088 Email Press,http://1088.email/,406.0
2425 Publishers,http://2425publishers.org/,200.0
The 5th Publisher,http://www.5thpublisher.com/,
ABC Journals,http://www.abcjournals.net/,200.0
A M Publishers,http://ampublisher.com/index.html,200.0
Abhinav,http://www.abhinavjournal.com/,200.0
Academe Research Journals,http://www.academeresearchjournals.org/,406.0
Academia Publishing,http://academiapublishing.org/index.htm,200.0
Academia Research,http://academiaresearch.org/,200.0
Academia Scholarly Journals,http://www.academiascholarlyjournal.org/,200.0
Academic and Business Research Institute,http://www.aabri.com/,200.0
Academic and Scientific Publishing,http://acascipub.com/,200.0
Academic Direct Publishing House,http://ph.academicdirect.org/,200.0
Academic Journals,http://www.academicjournals.org/,200.0
Academic Journals and Research ACJAR,http://www.acjar.org/index.html,404.0
Academic Journals Online,http://www.academicjournalsonline.co.in/,200.0
"Academic Journals, Inc.",http://www.academicjournalsinc.com/,200.0
Academic Knowledge and Research Publishing,http://www.akrpub.com/,200.0
Academic Organization for Advancement of Strategic and International Studies,http://www.academicoasis.org/,200.0
"Academic Publications, Ltd.",http://www.acadpubl.eu/index.html,200.0
"Academic Research in Science, Engineering, Art and Management",http://www.arseam.com/,406.0
Academic Research Journals,http://www.academicresearchjournals.org/index.htm,406.0
Academic Research Publishers,http://acrpub.com/index.php,200.0
Academic Research Publishing Agency,http://www.arpapress.com/,200.0
Academic Research Publishing Group,http://arpgweb.com/index.php,200.0
Academic Research Publishing House,http://www.acadrp.org/,200.0
Academic Scholars Publishing House,http://academic-publishing-house.com/,200.0
Academic Sciences,http://www.ijaponline.org/,200.0
Academic Star Publishing Company,http://www.academicstar.us/index.asp,200.0
here,http://www.astarstore.us/,200.0
Academic Web Publishers,http://academicwebpublishers.org/,200.0
Academic World Education & Research Center,http://www.awer-center.org/journals.htm,
AcademicDirect Publishing House,http://ph.academicdirect.org/,200.0
Academicians’ Research Center,http://www.arcjournals.org/index.php,406.0
Academics World,http://academicsworld.org/,200.0
Academy for Environment and Life Sciences,http://aelsindia.com/,403.0
Academy Journals,http://www.academyjournals.net/,200.0
Academy of Business & Retail Management,http://www.abrmr.com/,200.0
Academy of Business & Scientific Research,http://www.absronline.org/,200.0
Academy of IRMBR International Research in Management and Business Realities,http://www.academyirmbr.com/,200.0
Academy of Knowledge Process,http://akpinsight.webs.com/,410.0
Academy of Science and Engineering,http://www.scienceengineeringacademy.org/asesite/,406.0
Academy of Science and Social Science,http://www.asss-web.com/,200.0
Academy of Scientific and Applied Research,http://asaarjournals.com/,200.0
Academy Publish,http://www.academypublish.org/,200.0
Access International Journals,http://www.accessinterjournals.org/,200.0
Access Journals,http://www.accessjournals.org/,403.0
Access Publishers,http://www.accesspublishers.org/,
ACT Publishing,http://www.ghrnet.org/,200.0
Acta Scientifica,http://actascientifica.com/index.php,200.0
AD Publication,http://www.adpublication.org/,200.0
AD Publications,http://adpublications.org/,200.0
Ada Lovelace Publications,http://www.ada-lovelace.co.uk/,
Advance Educational Institute & Research Centre,http://aeirc-edu.com/,
Advance Journals,http://advancejournals.org/,500.0
Advanced Institute of Convergence Information Technology,http://www.aicit.org/publications.html,
Advanced Journals,http://advancedjournals.org/index.htm,406.0
Advanced Research Journals,http://www.advancedresearchjournals.org/,200.0
Advanced Research Publications,http://adrpublications.in/,200.0
Advanced Scholars Journals,http://advancedscholarsjournals.org/,200.0
Advanced Science and Engineering Technology Institute,http://www.asetrc.org/,200.0
Advanced Science Research Journals,http://advancedscienceresearchjournals.org/,403.0
Advanced Technology & Science,http://atscience.org/,
Advancement and Development in Technology International,http://aditisci.com/index.php,200.0
Advancements in Science,http://www.ajournals.com/,200.0
Adyan Academic Press,http://www.adyanacademicpress.com/index.php,200.0
AENSI,http://www.aensiweb.com/index.html,200.0
African Research Review,http://afrrevjo.net/,
AgiAl Publishing House,http://www.agialpress.com/,200.0
Agropub,http://agropub.com/index.html,200.0
AINSTIN Knowledge Hub,http://ainstin.com/,200.0
AIRCC Publishing Corporation,http://airccse.org/index.php,200.0
Aizeon Publishers,http://www.aizeonpublishers.net/aboutus.html,200.0
Albert Science International Organization,http://albertscience.com/,200.0
Allied Academies,http://www.alliedacademies.org/,200.0
Allied Journals,http://www.alliedjournals.com/,200.0
Ambit Journals,http://ambitjournals.org/,200.0
AME Publishing Company,http://www.amepc.org/,200.0
here,http://www.amegroups.com/,200.0
American Academic & Scholarly Research Center,http://aasrc.org/,412.0
American Association for Science and Technology,http://www.aascit.org/home/index,200.0
American Journal,http://www.amjournals.org/,403.0
American Research Institute for Policy Development,http://aripd.org/,
American Research Journals,http://www.arjonline.org/,200.0
American Research Publications,http://www.arepub.com/,200.0
American Scholarly Research Association,http://www.asraresearch.org/,403.0
American Scientific Publishers,http://www.aspbs.com/,200.0
American Scientific Research Journals,http://www.americanscientificresearchjournals.org/,200.0
American Society of Registered Nurses,http://www.asrn.org/,200.0
American Society of Science and Engineering,http://www.as-se.org/,200.0
American V-King Scientific Publishing,http://www.vkingpub.com/,406.0
Amoghsiddhi Education Society,http://aessangli.in/,403.0
here,http://www.ejournal.aessangli.in/index.php,403.0
Andrew John Publishing Inc.,http://www.andrewjohnpublishing.org/open-access-publications.php,
Annex Publishers,http://www.annexpublishers.com/,200.0
ansinet,http://www.ansinet.com/,200.0
Antarctic Journals,http://www.domainsmoon.com/,
Aperito Online Publishing,http://aperito.org/index.php,500.0
Apex Journal,http://apexjournal.org/,200.0
Applied Science Innovations,http://www.applied-science-innovations.com/,200.0
indexed by DOAJ,https://doaj.org/toc/0974-0546,200.0
APST Publication,http://www.apst.co.in/,
Arabian Group of Journals,http://www.arabianjbmr.com/index.php,200.0
Aradhya International Publication,http://puneresearch.com/home,200.0
ARC Journals,https://www.arcjournals.org/,406.0
Archers & Elevators Publishing House,http://www.aeph.in/,406.0
Archyworld,http://www.archyworld.com/,404.0
ARPN Journals,http://arpnjournals.com/,200.0
AS Publishers,http://aspublishers.com/,200.0
ASD Publisher,http://asdpub.com/,406.0
Ashdin Publishing,http://www.ashdin.com/,200.0
AshEse Visionary,http://www.ashese.co.uk/,403.0
Asia-Pacific Association of Medical Research,http://www.apamr.org/,
Asia Pacific Institute of Advanced Research,http://apiar.org.au/,200.0
Asian Academic Research Associates,http://www.asianacademicresearch.org/index.html,
Asian and American Research Publishing Group,http://www.aarpub.com/,200.0
Asian Economic and Social Society,http://www.aessweb.com/index.php,200.0
Asian Online Journal Publishing Group,http://www.asianonlinejournals.com/,200.0
Asian Online Journals,http://www.ajouronline.com/,200.0
Asian Pharma Press,http://www.asianpharmaonline.org/,200.0
Asian Publication Corporation,http://asianpubs.org/content/,404.0
Asian Research Consortium,http://www.aijsh.org/?task=index,200.0
Asian Transactions,http://www.asian-transactions.org/,200.0
Associated Asia Research Foundation,http://www.aarf.asia/,200.0
"Association for Sustainable Education, Research and Science",http://www.asers.eu/asers-publishing/journals.html,503.0
here,https://aserspublishing.eu/,200.0
Association of Computer Electronics and Electrical Engineers,http://www.theaceee.org/,403.0
Association of North America Higher Education International,http://anahei.org/,200.0
Aster Publications,http://asterpublications.org/,
AstonJournals,http://astonjournals.com/,
Athal Press & Media,http://www.athalgroup.com/Athal-Press-and-Media.aspx,200.0
Atharva Scientific Publications,http://www.atharvapub.com/HomePage/,
Athens Institute for Education and Research,http://www.atiner.gr/,200.0
"Atlas Publishing, LP",http://www.atlas-publishing.org/index.php,200.0
Aufau Periodicals,http://www.chesci.com/,200.0
Austin Publishing Group,http://austinpublishinggroup.org/,200.0
Australasian Centre for Research and Development,http://www.acrd.net.au/,200.0
Australian Academy of Business and Social Sciences,http://www.aabss.org.au/,
Australian Academy of Business Leadership,http://aabl.com.au/,200.0
Australian International Academic Centre Pty. Ltd.,http://www.aiac.org.au/,403.0
Australian International Research Consortium,http://www.ausinternationaljournals.com.au/,
Australian Society for Commerce Industry & Engineering,http://www.scie.org.au/,
Austrian E-Journals of Universal Scientific Organization,http://www.aeuso.org/,403.0
Austrian Scientific Publication House,http://www.autpub.org/MWP/,
Avanti Publishers.com,http://www.avantipublishers.com/,200.0
Avens Publishing Group,http://www.avensonline.org/,200.0
Avestia Publishing,http://avestia.com/,200.0
Avicena Publisher,http://www.avicenapublisher.org/,200.0
Avid Science,http://avidscience.com/,
Axis Journals,http://www.axisjournals.com/,500.0
Baishideng Publishing Group,http://www.wjgnet.com/,200.0
Basha Research Corporation,http://basharesearch.com/journals.htm,200.0
Basic Research Journals,http://basicresearchjournals.org/index.html,
Bell Press,http://bellpress.org/,
Bentham Open,http://benthamopen.com/,200.0
Best Journals,http://www.bestjournals.in/index.php,200.0
Better Advances Press,http://www.bapress.ca/index.html,200.0
Betty Jones & Sisters Publishing,http://bettyjonespub.com/,200.0
Binary Information Press,http://www.1010press.com/,
Bio Accent,http://bioaccent.org/,200.0
Bio Core,http://biocoreopen.org/index.php,200.0
Bioflux Society,http://www.bioflux.com.ro/,403.0
Biohelikon,http://www.biohelikon.org/,200.0
Biohouse Publishing Group,http://biohouse.us/,200.0
BioInfo Publications,http://www.bioinfopublication.org/,406.0
BioIT international Journals ,http://bipublication.com/index.html,500.0
Biological and Chemical Publishing,http://www.bacpl.org/,200.0
BioMed Press,http://www.biomedpress.org/,200.0
BioMed Research,http://bmrjournals.com/Home/Index,200.0
BioMedSciDirect Publications,http://www.biomedscidirect.com/aboutjournal.php,200.0
BioPublisher,http://biopublisher.ca/,500.0
Bioscience Research & Educational Institute,http://www.bret.ac.in/,
Blaze Journals,http://blazejournals.org/index.php,200.0
Blue Apple Publications,http://www.blue-ap.org/,200.0
Blue Eyes Intelligence Engineering & Sciences Publication,http://blueeyesintelligence.org/,200.0
Blue Ocean Research Journal,http://www.borjournals.com/,
BluePen Journals,http://www.bluepenjournals.org/,200.0
Bonfring,http://www.bonfring.org/,200.0
Bowen Publishing,http://www.bowenpublishing.com/,200.0
Brainy Buzz,http://brainybuzz.in/,406.0
Bret Research Journals,http://www.bretj.com/,501.0
British Association of Academic Research,http://www.bjmhs.baar.org.uk/,
British Journal,http://www.bjournal.co.uk/,200.0
British Open Research Publications,http://www.borpub.com/index.php,200.0
BRNSS Publication Hub,http://brnsspublicationhub.org/,
Business Journalz,http://www.businessjournalz.org/,200.0
Business Management Centre,http://www.bizmanagementcentre.com/,
Business Perspectives,http://businessperspectives.org/,200.0
indexed by DOAJ,http://bit.ly/31M5x1l,403.0
Cafet Innova Technical Society,http://cafetinnova.org/,200.0
Cairo Center for Development Benchmarking,http://cdbenchmark.com/publishing,200.0
CSCanada,http://cscanada.net/,200.0
Canadian Center of Science and Education,http://ccsenet.org/,200.0
CSCanada,http://cscanada.net/,200.0
Canadian Research Publication,http://www.crpub.com/index.php,200.0
Canadian Science and Research Group,http://www.cansrg.com/,406.0
Canadian Science and Technology Press Inc.,http://canadianstpress.com/ojs/index.php,404.0
Cardiology Academic Press,http://cardiologyacademicpress.com/,200.0
CARI Journals,http://www.carijournals.org/,200.0
Cenetri Publishing Group,https://www.cenetrionline.org/,
Center for Enhancing Knowledge,http://www.cekinfo.org.uk/,200.0
Center for Global Research Development,http://www.cgrd.org/,200.0
The Center for Innovations in Business & Management Practice,http://www.cibmp.org/,200.0
Center for Natural Science & Engineering Research,http://cennser.org/,200.0
Center for Promoting Ideas,http://www.cpinet.info/,200.0
Center for the Development and Dissemination of Knowledge,http://www.cddk.org/index.html,404.0
Center of Advanced Scientific Research and Publications,http://casrp.co.uk/,200.0
Central Bohemia University Publishing,http://journals.cz/,
Central Research Insight,http://cri.ideainfinity.pk/?p=1,
Centre For Info Bio Technology,http://www.cibtech.org/index.htm,200.0
"Centre for Multidisciplinary Research, Innovation and Collaboration",http://www.c-mric.org/,403.0
Centre for Promoting Knowledge,http://www.ijsrit.com/page.php?cat=25,200.0
Centre of Excellence for Scientific & Research Journalism ,http://www.centreofexcellence.net/,200.0
Centre of Promoting Research Excellence,http://cprenet.com/home/,200.0
CESER Publications,http://www.ceser.in/,200.0
here,http://ceserpublications.com/,200.0
Chitkara University Publications,http://www.chitkara.edu.in/publications/journals/,404.0
CIRWORLD,https://cirworld.com/,403.0
here,https://cirworld.com/cir/,404.0
Clerisy Publishers,http://clerisyonlinepublishers.org/,403.0
ClinMed International Library,http://clinmedjournals.org/,200.0
Cloud Journals,http://cloud-journals.com/,200.0
Cloud Publications,http://www.cloudpublications.org/,200.0
The Clute Institute,http://www.cluteinstitute.com/,200.0
Clyto Access,http://www.clytoaccess.com/,200.0
Coltharp Institute,http://www.coltharpinstitute.com/,200.0
Columbia International Publishing,http://www.uscip.org/,200.0
Comparative Journals,http://comparativejournals.org/index.php/index,
Comprehensive Research Journals,https://comprehensiveresearchjournals.org/,
Computer Science Journals,http://www.cscjournals.org/,200.0
CONFAB Journals,http://www.confabjournals.com/,406.0
Congress Press,http://www.congresspress.com/Journals/index.php/index/index,404.0
"CONSORTIUM Intellectual Consortium of Drug Discovery and Technology Development, Inc.",http://www.icdtdi.ca/home.html,404.0
Contemporary Research Center,http://www.ijern.com/index.php,200.0
Convergence Information Society,http://www.globalcis.org/eng/,
Cosmic Journals,http://cosmicjournals.com/,406.0
Cosmos Scholars Publishing House,http://www.cosmosscholars.com/,200.0
Council for Innovative Research,http://www.cirworld.net/,200.0
CRDEEP International Journals,http://www.crdeep.com/,200.0
Cresco Online Publishing,http://crescopublications.org/,200.0
here,http://crescoonline.org/,200.0
CREST Journals,http://www.crestjournals.com/,200.0
Crown Journals,http://www.crownjournals.org/,200.0
CSCanada,http://cscanada.net/,200.0
CTR Publications,http://tcrjournals.com/index.php,406.0
Current Research Web,http://www.curresweb.com/,200.0
Cyber Journals,http://www.cyberjournals.com/,406.0
DAMA International,http://www.sciencejournal.in/home/,
Darsgah-e-Ahlebait,http://darsgah-e-ahlebait.com/journals.php,404.0
Darshan Publishers,http://darshanpublishers.com/index.html,200.0
David Publishing,http://www.davidpublishing.com/,200.0
here,http://www.davidpublisher.org/,200.0
Deccan Pharma Journals,http://www.deccanpharmajournals.com/,403.0
DeNovo Scientific Publishing,http://www.denovojournal.com/,200.0
Dentamed Publishing,http://www.dentamedpublishing.com/,200.0
Design ,http://www.sign-ific-ance.co.uk/index.html,403.0
"DEStech Publications, Inc.",http://www.destechpub.com/,403.0
Developing Country Think Tank Institute,http://dcthink.org/,400.0
Dhan Med Publishers,http://www.dhanmedpublishers.com/,200.0
Didactic Journals,http://didacticjournals.org/,200.0
Digital Information Research Foundation,http://www.dirf.org/,403.0
Digital Science Press,http://dscipress.com/,200.0
Direct Research Journals,http://directresearchpublisher.org/,200.0
DISA Publication Group,http://www.disa.org.in/DPGroup/index.html,
Discourse Journals,http://www.resjournals.org/,200.0
Discovery Publication,http://discoveryjournals.com/,200.0
DJ Publications,http://www.djjames.org/,
Donnish Journals,http://donnishjournals.org/,200.0
Dorma Journals,http://www.dormaj.com/,200.0
Dr.BGR Publications,http://www.drbgrpublications.in/,200.0
DRUNPP Sarajevo,http://www.drunpp.ba/,200.0
Dynamic Publishers,http://www.dynamicpublishers.org/journals/index.php/index,406.0
e-Century Publishing Corporation,http://www.e-century.org/,200.0
E-Cronicon,https://www.ecronicon.com/,200.0
e-journal,http://worldresearchjournals.com/,
e-Science Central,http://esciencecentral.org/,200.0
e3Journals,http://www.e3journals.org/index.php,412.0
Eagle Publishing Group,http://eaglegp.org/,200.0
Earth Journals,http://www.earthjournals.org/,200.0
“East West” Association For Advanced Studies and Higher Education,http://ew-a.org/,404.0
Ebioscholar,http://ebioscholar.com/ojs/index.php/index/index,403.0
Ebu Press,http://www.ebupress.com/,406.0
eCanadian Journals,http://www.ecanadianjournals.com/ecanadian/,
Econjournals,http://www.econjournals.com/index.php/index,200.0
DOAJ,https://doaj.org/search?source=%7B%22query%22%3A%7B%22filtered%22%3A%7B%22filter%22%3A%7B%22bool%22%3A%7B%22must%22%3A%5B%7B%22term%22%3A%7B%22_type%22%3A%22journal%22%7D%7D%5D%7D%7D%2C%22query%22%3A%7B%22query_string%22%3A%7B%22query%22%3A%22econjournals%22%2C%22default_field%22%3A%22index.publisher%22%2C%22default_operator%22%3A%22AND%22%7D%7D%7D%7D%2C%22from%22%3A0%2C%22size%22%3A10%7D,403.0
The Economics and Social Development Organization,http://www.tesdo.org/Default.aspx,200.0
Edelweiss Publications,http://edelweisspublications.com/edelweiss/frontend/index.php,500.0
EDUGAIT Press,http://www.edugait.com/,200.0
E-International Journals of Academic & Scientific Research,http://eijasr.com/index.php,
E-International Scientific Research Journal Consortium,http://www.eisrjc.com/,200.0
Eighth Sense Research Group,http://www.internationaljournalesrg.org/,200.0
Einstein International Journal Organization,http://www.eijo.in/,200.0
EISRJC Journals,http://www.eisrjc.com/,200.0
eJM,http://www.ejmscience.com/journals/,404.0
eJManager,https://www.ejmanager.com/,200.0
eJournals of Academic Research & Reviews,http://www.ejarr.com/,200.0
Eko Journal,http://www.ekojournal.com/,
eLearning Institute,http://www.theelearninginstitute.org/,200.0
Electronic Center for International Scientific Information,http://ecisi.com/,200.0
Elewa Bio Sciences,http://www.m.elewa.org/index.php,406.0
Elite Hall Publishing House,http://elitehall.elitehall.com/,200.0
Elite Research Journals,http://www.eliteresearchjournals.org/,406.0
ELK Asia Pacific Journals,http://www.elkjournals.com/,200.0
ElmCore Journals,http://www.science-fellows.org/,200.0
Elmer Press,http://www.elmerpress.com/,200.0
ELVEDIT.COM,http://elvedit.com/,403.0
Elyns Publishing Group,http://www.elynsgroup.com/Default.aspx,406.0
Emerging Academy Resources,http://www.emergingresource.org/index.html,
Engineering and Technology Publishing,http://etpub.com/,
Engineering Journals,http://www.enggjournals.com/,406.0
Engineering Publication House,http://ephjournal.com/,406.0
Engineering Research Publication,https://www.erpublication.org/,200.0
Enhanced Research Publications,http://www.erpublications.com/,200.0
Enliven Archive,http://www.enlivenarchive.org/,406.0
Enriched Science Publication,http://www.printjournals.com/,200.0
Enviro Publishers,http://www.enviropublishers.com/,406.0
Enviro Research Publishers,http://www.enviropublishers.com/,406.0
here,https://mjl.clarivate.com:/search-results?issn=0973-4929,200.0
here,https://mjl.clarivate.com:/search-results?issn=2347-467X,200.0
member of COPE,https://publicationethics.org/members/current-research-nutrition-and-food-science,200.0
ERM Publications,http://www.researchersworld.com/ermp.html,200.0
EPH Journal,http://ephjournal.com/,406.0
EPIX PUB,http://epixpub.com/,
EPRA Journals,http://eprajournals.com/,200.0
EPRA Wisdom,http://eprawisdom.com/,200.0
Erudite Journals Limited,http://eruditejournals.org/ejb/index.htm,200.0
ESRSA Publication ,http://www.esrsa.org/,
ESci Journals Publishing,http://www.escijournals.net/,200.0
eScience Publisher,http://escipub.com/,200.0
ETA Maths Journals,http://etamaths.com/,200.0
Ethan Publishing Company,http://www.ethanpublishing.com/,200.0
Eurasian Academy of Sciences,http://eurasianacademy.org/,200.0
Eurasian Publications,http://www.eurasianpublications.com/,200.0
indexed by DOAJ,http://bit.ly/2qXcaNx,403.0
Eurasian Research Publishing,http://www.erepub.com/,200.0
Eurasian Union of Scientists,http://euroasia-science.ru/en/about/,200.0
Euro Asia Research and Development Association,http://www.euroasiapub.org/,200.0
EuroJournals,http://eurojournals.com/,200.0
European-American Journals,http://ea-journals.org/index.php,200.0
here,http://www.eajournals.org/,200.0
European Center for Science Education and Research,http://euser.org/,200.0
European Journals of Business Management,http://www.ejobm.org/,200.0
European Journals of Education Studies,http://oapub.org/edu/index.php/index,
The European Scientific Community,http://europe-science.com/en/,403.0
European Union Research Publishing,http://www.eurpub.com/,200.0
Everant,http://everant.in/,200.0
EverScience Publications,http://www.everscience.org/index.html,406.0
"ExcelingTech Publishing Company, Ltd.",http://ojs.excelingtech.co.uk/,406.0
Excellent Publishers,http://www.excellentpublishers.com/,200.0
Excellent Word Journals,http://www.excellentwordjournals.org/index.html,200.0
Excelytics Publishers,http://excelyticspublishers.com/,200.0
Expert Journals,http://www.expertjournals.com/,200.0
Far East Research Centre,http://www.fareastjournals.com/,
Ficus Publishers,http://ficuspublishers.com/Home.php,404.0
Finlogy,http://onlinejournal.in/,
Focus in Research & Education,http://firepubs.com/index.php,200.0
Foundation for Promotion of Basic & Applied Science,http://www.fopras.org/,200.0
Friends Science Publishers,http://www.fspublishers.org/index.php,200.0
Frontiers,http://www.frontiersin.org/,200.0
here,http://dx.doi.org/10.1038/526613f,200.0
Frontiers in Bioscience,https://www.bioscience.org/,200.0
FSSH Scholarly Journals,http://fssh-journal.org/,200.0
Fundamental Journals,http://fundamentaljournals.org/,200.0
Fundamental Research and Development International,http://frdint.com/index.html,200.0
Future Academy,http://www.futureacademy.org.uk/,200.0
Galore Knowledge Publication Pvt. Ltd.,http://www.gkpublication.in/,406.0
Gatha Cognition,http://www.gathacognition.com/,200.0
Gavin Publishers,http://gavinpublishers.org/,503.0
GBS Publishers & Distributors (India),http://www.gbspublisher.com/,403.0
Genexcellence Publication,http://gpublication.com/,200.0
German Science and Technology Press,http://grsci-techpress.org/,200.0
Gexin Publications,http://gexinonline.com/,200.0
Global Academic Institute,http://www.globalacademicinstitute.com/,406.0
Global Advanced Research Journals,http://garj.org/,
Global Business Research Journals,http://www.globalbizresearch.org/index.php,406.0
Global Institute for Research and Education,http://www.gifre.org/,200.0
International Academy of Science and Higher Education,http://iashe.eu/en/periodicals-journals-academy,
The Global Journals,http://www.paripex.in/,200.0
"Global Journals, Inc. (US)",http://globaljournals.us/,200.0
https://globaljournals.org/,https://globaljournals.org/,200.0
https://journalofscience.org/,https://journalofscience.org/,200.0
Global Open Journals,http://globalopenjournals.org/,200.0
Global Openaccess,http://globalopenaccess.com/,200.0
Global Publishing Corporation,http://gpcpublishing.com/,200.0
Global Research Journals,http://www.globalresearchjournals.org/,406.0
Global Research Online,http://www.globalresearchonline.net/,200.0
Global Research Publishing,http://www.grpjournal.org/,200.0
Global Researchers Journals,http://www.grjournals.com/,200.0
Global Scholars Journals,http://www.globalscholarsjournals.org/,200.0
Global Science Center LP,http://european-science.org/en/,403.0
Global Science Publishing Group,http://globalsciencepg.org/,200.0
Global Science Research Journals,http://globalscienceresearchjournals.org/,200.0
"Global Scientific, Inc.",http://globalpublication.org/index.html,404.0
Global Scientific Research Journals,http://www.gsrjournals.com/,200.0
Global Society of Scientific Research and Researchers,http://gssrr.org/index.php?journal=gssrr&page=index,200.0
Global Technocrats & Intellectual’s Association,http://www.gtia.co.in/,200.0
GlobalSkope Publishing Society,http://globalskope.com/ijesr/index.html,200.0
Gnosis Open Access Publishers,http://www.gnosisoa.org/,200.0
Gratis Open Access Publishers,http://www.gratisoa.org/,200.0
Gopalax,http://www.ijcns.com/,406.0
GRABS Educational Charitable Trust,http://grabstrust.com/,406.0
Grant Medical Journals,http://grantmedicaljournals.org/,200.0
Graphy Publications,http://www.graphyonline.com/index.php,200.0
Gratis Open Access Publishers,http://www.gratisoa.org/,200.0
GRDS Publishing,http://grdspublishing.org/,406.0
Green Earth Research Network,http://www.gejournal.net/index.html,404.0
Green Global Foundation,http://www.ggfagro.com/,200.0
Greener Journals,http://www.gjournals.org/,200.0
Greenfield Advanced Research Publishing House,http://www.garph.co.uk/index.html,200.0
Growing Science Publishing Company,http://growingscience.com/index.html,200.0
GS Publishers,http://www.gspublishers.com/,
GSB Life Sciences,http://gsblifesciences.org/index.php,200.0
Gurpukur Research Institute,http://gscience.gurpukur.com/,200.0
Gyancity Research Lab Private Limited,http://gyancity.com/,406.0
Halmac Research,http://www.halmacresearch.org/,200.0
"Hans Publishers, Inc.",http://www.hanspub.org/,200.0
Har Krishan Bhalla & Sons,http://hkbpublications.com/,200.0
Heighten Science Publications,http://www.heighpubs.com/,200.0
Helics Scientific Network,http://helicsonline.net/,406.0
Hendun Research Access,http://www.hendun.org/,200.0
Henry Publishing Group,http://www.henrypublishinggroup.com/,200.0
Herald International Research Journals,http://heraldjournals.org/index.htm,200.0
Herald Scholarly Open Access,http://www.heraldopenaccess.us/,200.0
Herbert Open Access Journals,http://www.hoajonline.com/,200.0
Hikari Ltd.,http://www.m-hikari.com/,200.0
Hilaris,http://www.e-hilaris.com/index.html,404.0
Hind Agri-Horticultural Society,http://www.researchjournal.co.in/index.html,200.0
Horizon Journals,http://www.horizonjournals.org/,200.0
Horizon Research Publishing,http://www.hrpub.org/,200.0
Human and Sciences Publications,http://www.humanpub.org/,200.0
Human Resource Management Academic Research Society,http://hrmars.com/index.php?page=our%20journals%20f,406.0
i-Explore International Research Journals Consortium,http://www.irjcjournals.org/,200.0
IAMURE Multidisciplinary Research,http://www.iamure.com/,
ibai-publishing,http://ibai-publishing.org/,200.0
IBIMA Publishing,http://www.ibimapublishing.com/,406.0
ICGST,http://www.icgst.com/,200.0
iConcept Press Ltd.,https://www.iconceptpress.com/,
ICTACT Journal,http://www.ictactjournals.in/index.aspx,200.0
Id Press / ID Design,http://www.id-press.eu/,200.0
IERI & PRESS,http://www.ieripress.com/,200.0
IGM Publication,http://igmpublication.org/index.html,406.0
IIARD Publication Company,http://www.iiardonline.org/,403.0
iJARS Group,http://www.ijarsgroup.com/,200.0
Ijbsse.org,http://ijbsse.org/,404.0
ijManager – Online Journal Management,http://www.ijmanager.org/,200.0
IJRCM,http://ijrcm.org.in/,406.0
IMED Research Publications,http://www.ijmhr.org/index.html,406.0
iMedPharm,http://www.imedpharm.com/,200.0
iMed.pub,http://imed.pub/,200.0
Impact Journals,http://www.impactjournals.com/,403.0
Impact Journals,http://www.impactjournals.us/index.php,200.0
Imperial Journals,http://www.imperialjournals.com/,200.0
Imprints Open Access,http://imprintsonline.org/index.php,
Indian Academicians and Researchers Association,http://iaraedu.com/,200.0
Indian Society for Education and Environment,http://www.iseeadyar.org/,200.0
IndianResearchJournals.Com,http://indianresearchjournals.com/Default.aspx,200.0
"Indus Foundation for Education, Research & Social Welfare",http://www.indusedu.org/,406.0
Infinity Press,http://infinitypress.info/publisher/,200.0
infofacility,http://www.infofacility.com/journals,403.0
Infonomics Society,http://infonomics-society.org/,200.0
Inforesights Publishing,http://inforesights.com/,200.0
Informatics Journals,http://www.informaticsjournals.com/,
Information Engineering Research Institute,http://www.ier-institute.org/index.htm,
Ingenious Enterprises International,http://ingenin.org/,200.0
Innovare Academic Sciences,http://innovareacademics.in/,200.0
Innovational Publishers,http://www.innovationalpublishers.com/,200.0
Innovative Journals,http://www.innovativejournal.in/,406.0
Innovative Publication,http://www.innovativepublication.com/,200.0
Innovative Space of Scientific Research,http://www.issr-journals.org/,200.0
Innovinc,http://innovinc.org/,200.0
INPRESSCO,http://inpressco.com/,406.0
INREWI,http://www.inrewi.com/home,200.0
Ishaan Publishing House,http://www.iphsci.com/index.html,200.0
Insight Core,http://www.insightcore.com/,200.0
Insight Knowledge,http://insightknowledge.co.uk/index.php,404.0
here,https://insightknowledge.org/,200.0
Insight Medical Publishing,http://imedpub.com/,200.0
Instaci,http://www.instascijournals.info/index.php,406.0
The Institute for Business and Finance Research,http://www.theibfr.com/,200.0
Institute for Research and Development India,http://www.irdindia.in/,200.0
Institute of Advanced Scientific Research,http://www.i-asr.com/journals.aspx,200.0
Institute of Doctors Engineers and Scientists,http://www.theides.org/,200.0
Institute of Electronic & Information Technology,http://www.ieit-web.org/apscj/editorialboard.html,200.0
Institute of Integrative Omics and Applied Biotechnology,http://iioab.webs.com/researchandpublications.htm,200.0
Institute of Language and Communication Studies,http://www.inlcs.org/,200.0
Institute of Research Advances,http://www.research-advances.org/,200.0
Institute of Research and Journals,http://iraj.in/index.php,200.0
Institute of Research Engineers and Doctors ,http://www.theired.org/,200.0
Institute of Research Engineers and Scientists,http://theires.org/,200.0
Institute of Research In Engineering and Technology,http://www.iret.co.in/index.html,200.0
Institute of Strategic and International Studies,http://www.isisworld.org/,200.0
InTechOpen ,http://www.intechweb.org/,200.0
Mirror site,http://www.intechopen.com/,200.0
transferred to SAGE,https://uk.sagepub.com/en-gb/eur/InTech,200.0
Integrated Academic Journals,http://www.intergratedjournals.org/,403.0
Integrated Intelligent Research,http://iirpublications.com/index.php,200.0
Integrated Publishing Association,http://www.ipublishing.co.in/,
Integrated Science Publications,http://indianscience.in/pubs/journals/,200.0
Intellectual Archive,http://www.intellectualarchive.com/,200.0
Intercontinental Management Research Review,http://icmrr.org/index.html,200.0
Interlink Continental Journals,http://icjpublishers.org/index.php,500.0
Intermedcentral,http://www.intermedcentral.hk/,404.0
International Academic Journals,http://www.inacj.com/,200.0
International Academic Publishing House,http://www.iaph.in/,406.0
International Academy for Advancement of Business Research,http://www.iaabr.com/,200.0
International Academy for Science & Technology Education and Research,http://www.iaster.com/index.php,200.0
"International Academy of Arts, Science & Technology",http://iaast.org/,200.0
International Academy of Business,http://www.intl-academy.org/index.htm,404.0
International Academy of Business & Economics,http://www.iabe.org/,200.0
International Academy of Computer & IT Engineering,http://iacite.org/,200.0
International Academy of Ecology and Environmental Sciences ,http://www.iaees.org/,200.0
International Academy of Science and Higher Education ,http://iashe.eu/en/periodicals-journals-academy,
"International Academy of Science, Engineering and Technology",http://www.iaset.us/index.php,200.0
"International Academy of Science, Engineering and Technology",http://international-aset.com/index.html,200.0
"International Academy of Science, Technology, Engineering and Management",http://iastem.org/,200.0
International Academy Publishing,http://www.iap.org/,200.0
"The International Academy, Research and Industry Association",http://www.iaria.org/,200.0
International Advances for Research,http://www.intlafr.com/index.html,404.0
"International Agency for Development of Culture, Education and Science",http://iadces.com/,200.0
International Association for Academians,http://www.academians.org/,406.0
International Association for Engineering & Technology,http://www.iaet.net/,200.0
International Association for Engineering and Management Education,http://www.iaeme.com/about.asp,200.0
"International Association for Information, Culture, Human and Industry Technology",http://www.aicit.org/publications.html,
International Association of Computer Science and Information Technology,http://www.iacsit.org/,200.0
International Association of Advances in Engineering and Technology,http://iaaet.org/,200.0
International Association of Engineering & Technology Researchers,http://iaetr.org/,200.0
International Association of Journals & Conferences,http://www.iajc.org/overview.html,404.0
International Association of Scientific Innovation and Research,http://iasir.net/index.html,200.0
International Association of Technology Education & Industry,http://iatei.org/,200.0
International Bauhaus Science Press,http://www.bhssci.com/,200.0
International Center for Business Research,http://icbr.net/,530.0
International Centre for Integrated Development Research,http://www.icidr.org/index.php,403.0
International Centre of Culture Inventory,http://www.icoci.org/,200.0
International Computer Science and Engineering Society,http://www.i-cses.com/,200.0
International Conference on Computer Science and Engineering,http://www.icgst.com/,200.0
International Digital Organization for Scientific Information,http://idosi.org/index.htm,
International Economics Development and Research Center,http://www.iedrc.org/,200.0
International Education Research Foundation,http://www.ierfinfo.com/,
International Educative Research Foundation And Publisher,http://www.publisher.ijier.net/,
International eJournals,http://internationalejournals.com/,
International Formulae Group,http://www.ifgdg.org/,
International Forum of Researchers Students and Academician,http://www.ifrsa.org/,408.0
International Foundation for Modern Education and Scientific Research,http://infomesr.org/en/home,404.0
International Foundation for Research and Development,http://www.ifrnd.org/,
International House for Academic Scientific Research,http://www.ihasr.org/,200.0
International Indexed Refereed Research Journal,http://www.ssmrae.com/,200.0
International Information Institute,http://www.information-iii.org/,200.0
"International Institute for Private, Commercial and Competition Law",http://iipccl.org/,200.0
"International Institute for Science, Technology and Education",http://www.iiste.org/Journals/,200.0
International Institute of Engineers,http://www.iieng.org/journals.php,200.0
International Institute of Engineers & Researchers,http://theiier.org/Conference/Singapore/1/ICSTEM/publication.php,404.0
here,http://theiier.org/,200.0
International Institute of Informatics and Systemics,http://www.iiis.org/,200.0
International Institute of Science & Industry Research,http://www.iisir.org/,200.0
International Invention Journals,http://internationalinventjournals.org/index.html,
International Journal of College & University,http://ijcu.us/,
International Journal of Research & Development Organisation,http://www.ijrdo.org/,406.0
International Journal Publishers Group,http://www.ijpg.org/,403.0
The International Journal Research Publications,http://www.theinternationaljournal.org/ojs/index1.htm,200.0
International Journals,https://ijddmr.wordpress.com/,410.0
International Journals.co.in,http://www.internationaljournals.co.in/titles.aspx,404.0
International Journals for Research,http://internationaljournalsforresearch.com/index.php,406.0
International Journals for Research,http://ijrgroup.com/,200.0
International Journals for Researchers,http://www.ijronline.com/,200.0
International Journal of Academic Research,http://www.eu-print.org/ilk.php,200.0
International Journals of Engineering & Sciences,http://www.ijens.org/,200.0
International Journals of Multi Dimensional Research,http://www.ijmr.net.in/,200.0
International Journals of Multidisciplinary Research Academy,http://www.ijmra.us/,200.0
International Journals of N&N Global Technology,http://www.ijnngt.org/index.php,403.0
International Journals of Research,http://intjr.com/index.php,
International Journals of Research Papers,http://gssrr.org/,200.0
International Journals of Sciences and High Technologies,http://ijsht-journals.org/,200.0
International Journals of Scientific Knowledge,http://www.ijsk.org/,200.0
International Journals of Scientific Research Publications,http://www.ijsrpub.com/,200.0
International Journals of Scientific Research,http://ijscience.com/default.htm,403.0
International Knowledge Press,http://www.ikpresse.com/,200.0
here,https://www.ikppress.org/,200.0
International Network for Applied Sciences and Technology,http://www.inast.org/,200.0
International Network for Natural Sciences,http://www.innspub.net/,200.0
International Network for Scientific & Industrial Information,http://insii.com/index.php,
International Online Knowledge Services Provider,http://www.ioksp.com/index.html,400.0
International Online Medical Council,http://www.iomcworld.com/publications.htm,
International Organization Center of Academic Research,http://www.ocerint.org/index.php/homepage,200.0
International Organization of Scientific Invention,http://iosi.in/,
International Organization of Scientific Research,http://iosrjournals.org/index.html,200.0
International Organization of Scientific Research and Development,http://iosrd.org/,200.0
International Postgraduate Network,http://www.internationalpostgraduatenetwork.org/,200.0
International Publisher & C.O,http://ipco-co.com/,200.0
International Publisher for Advanced Scientific Journals,http://ipasj.org/index.htm,200.0
"International Recognition Multidisciplinary Research Journals, Monthly Publish",http://lsrj.in/,200.0
International Recognition Research Journals,http://www.lsrj.in/,200.0
"International Research Association of Computer Science, & Technology ",http://www.iracst.org/home.htm,200.0
International Research E-Journals,http://www.oiirj.org/,200.0
International Research Group,http://www.irgjournals.org/,200.0
International Research Journals,http://resjournals.com/,200.0
International Research Journals ,http://www.interesjournals.org/,200.0
International Research Organization of Computer Science,http://www.irocsjournals.org/irocs/home.php,
International Research Publication House,http://www.irphouse.com/,200.0
International Research Society For Promotion of Science,http://www.inposo.org/,200.0
International Scholarly Open Access Research,http://internationaljournalofresearch.org/,200.0
here,http://www.isoar.in/,404.0
Edupedia Publications,https://edupediapublications.org/,
International Scholars Journals,http://internationalscholarsjournals.org/,200.0
International Science & Research Journals,http://www.isrjournals.org/,200.0
International Science and Medical Journals,http://www.isamedjournals.com/,403.0
International Science Community Association,http://www.isca.in/,200.0
International Scientific Academic Corporation,http://isacorporation.org.in/,
International Scientific Academy of Engineering & Technology,http://www.isaet.org/,406.0
International Scientific Engineering and Research Publications,http://iserp.org/,200.0
International Scientific Invention Journals,http://isij.in/,406.0
International Scientific Publications,http://www.scientific-publications.net/,200.0
"International Scientific Research Organization for Science, Engineering and Technology",http://www.isroset.org/,406.0
International Scientific Research Organization Journals,http://isroj.net/index.php?menu=home,200.0
International Skill Research Journals,http://acjournal.in/,200.0
International Society for Engineering Research and Development,http://www.iserd.co/,200.0
International Society for Engineers and Researchers,http://iser.co/,200.0
International Society for green.sustainable engineering and management,http://isgsemjournal.blogspot.com/,200.0
International Society for Zoological Research,http://iszr.org/Jrs/index.php/index/index,200.0
International Society of Thesis Publication,http://www.istp.org.in/,
International Society of Universal Research in Sciences,http://www.isurs.org/,200.0
International Technology Innovation,http://theiti.net/,
InternationalJournals.co.in,http://internationaljournals.co.in/,200.0
Internet Scientific Publications,http://www.ispub.com/,200.0
Interscience Journals,http://interscience.org.uk/,406.0
Interscience Open Access Journals,http://www.interscience.in/,200.0
Inter-USE,http://inter-use.com/,200.0
Intuition Journals,http://intuitionjournals.org/,200.0
Invention Journals,http://inventionjournals.org/,200.0
IORE International,http://www.ioreinternational.org/,404.0
IOS Publishing,http://www.iospublishing.org/,404.0
International Organization of Scientific Research,http://iosrjournals.org/index.html,200.0
iProbe,https://www.iprobegrp.com/,
Ira Publications,http://www.irapub.com/,
IRED International Journals,http://theired.org/organizer.html,404.0
IRO Journals,http://irojournals.com/index.html,200.0
IROSSS,http://www.irosss.org/,200.0
Isaac Scientific Publishing,http://www.isaacpub.org/Home.aspx,200.0
iSER Publications,http://iserjournals.com/,200.0
Ishitv Technologies,http://ishitvtech.in/#,406.0
ISISnet,http://www.isisn.org/,403.0
Islamic World Network for Environmental Science and Technology,http://www.iwnest.com/index.html,403.0
ISPACS,http://ispacs.com/,
Ivy Union Publishing,http://ivyunion.org/,200.0
Jabalpur Management Association,http://jabalpurmanagementassociation.co.in/Journals.aspx,
Jacobs Publishers,http://www.jacobspublishers.com/index.php,200.0
JACS Directory,http://jacsdirectory.com/jacs/index.php,200.0
Jaypee Journals,http://jaypeejournals.com/,200.0
JET Publishing,http://www.jetpublishing.org/index.html,
Journals of Scientifics R&D,http://journals-of-scientifcs-rd.com/,200.0
Joseph Publishing Group,http://www.josephpublishinggroup.com/,
Journal Dynamics,http://www.journaldynamics.org/,500.0
Journal Issues,http://www.journalissues.org/index.php,200.0
Journal Network,http://www.journalnetwork.org/,200.0
Journal of Comprehensive Research,http://jupapadoc.startlogic.com/compresearch/,404.0
Journal of Harmonized Research Publications,http://www.johronline.com/,200.0
Journal of The International Association of Advanced Technology and Science,http://www.jiaats.com/index.php,406.0
Journals Club & Co.,https://journalsclub.com/,200.0
Journals Pub,http://www.journalspub.com/,200.0
JournalsBank,http://www.journalsbank.com/,200.0
JScholar Journals,http://www.jscholaronline.org/list-of-journals.php,200.0
JSciMed Central,http://www.jscimedcentral.com/,200.0
July Press,http://julypress.com/,200.0
Juniper Publishers,http://juniperpublishers.com/,200.0
Jyoti Academic Press,http://jyotiacademicpress.net/,200.0
KAAV Publications,http://www.kaavpublications.org/,406.0
Kaleidoscope Journals,http://www.kjournals.org/,403.0
KambohWell Publisher Enterprises,http://www.kwpublisher.com/,200.0
Kamla Raj Enterprises,http://www.krepublishers.com/KRE-New-J/index.html,200.0
KEI Journals,http://www.journals.ke-i.org/index.php/index/index,200.0
KEJA Publications,http://www.kejapub.com/,
Kenkyu Group,http://www.kenkyuonline.org/,
Key Research Journals,http://www.keyresearchjournals.org/,403.0
Kiban Research Publications,http://kibanresearchpublications.com/index.html,406.0
Kindi Publication,http://www.kindipublication.com/home.html,403.0
Knowledge Publishing Printing & Distribution House,http://www.knowledgepublishinghouse.com/index.html,200.0
Knowledgebase Publishers,http://www.knowledgebasepublishers.org/,200.0
KnowledgeCuddle Publication,http://www.knowledgecuddle.com/,406.0
KnowledgesPublisher,http://www.knowledgespublisher.com/,
Knowledgia Scientific,http://www.knowledgia.net/,200.0
Kogaion Publishing Center,http://euacademic.org/,200.0
Kowsar Publishing,http://kowsarpub.com/en/,200.0
Kozmenko Science Publishing,http://www.kozmenkopublishing.com/,200.0
Krishi Sanskriti,http://www.krishisanskriti.org/Jounrals.php?title=Journals,406.0
KSP Journals,http://kspjournals.org/,200.0
KY Publications,http://www.kypublications.com/,200.0
Ladder Publishing House,http://www.ladderpublishers.org/,
Landmark Research Journals,http://www.landmarkresearchjournals.org/lrjbme/index.php,404.0
LAR,http://www.thelar.org/,500.0
Lawarence Press,http://lawarencepress.com/,406.0
Lecolink Research Journals,http://www.lecolinkresearchjournals.org/index.php,
Lectito Journals,http://www.lectitojournals.com/,200.0
Leena & Luna International,http://www.ajssh.leena-luna.co.jp/,200.0
Lexis Publisher,http://lexispublisher.com/index.html,200.0
Library of Academic Resources,http://thelar.ca/,200.0
Lifescience Global,http://www.lifescienceglobal.com/,200.0
LifeSciFeed Ventures,http://www.lifescifeed.com/index.htm,404.0
Lighthouse Journal Publication,http://www.lighthousejournals.org/index.php,200.0
Literati Scientific and Publishers,http://literatipublishers.com/Journal/index.html,200.0
London Journals Press,http://journalspress.com/,200.0
Longbridge Publishing Company,http://www.lbrpublishing.com/,200.0
Look Academic Publishers,http://lookacademy.nl/,
Lorem Journals,http://loremjournals.com/index.php,200.0
Macoctagon Journals,http://www.macoctagonjournals.org/,
macroJournals,http://macrojournals.com/home,
Macrothink Institute,http://www.macrothink.org/,200.0
MacroWorld,http://www.macroworldpub.com/,200.0
Madridge Publishers,http://madridge.org/,200.0
Mainspringer,http://mainspringer.com/pub_site/,404.0
Management Journals,http://www.managementjournals.org/index.php,200.0
Marsland Press,http://www.sciencepub.net/,406.0
Mary and Sam Research Academia,http://www.marynsam.co.uk/,
Maryland Institute of Research,http://miredu.org/,
MASAUM Network,http://www.masaumnet.com/,200.0
Mathews Open Access Journals,http://www.mathewsopenaccess.com/,200.0
Maxwell Scientific Organization,http://maxwellsci.com/jlist.php,406.0
MAYFEB Technology Development,http://www.mayfeb.com/OJS/,200.0
McMed International,http://mcmed.us/,406.0
Meas Publishing Ltd,http://measpublishing.co.uk/,200.0
MECS,http://www.mecs-press.org/,200.0
MedCrave,http://medcraveonline.com/,200.0
Medical science,http://www.ghrnet.org/index.php/index/index,200.0
Medical Science Journals,http://medical.sciencejournals.cc/,
Medip Academy,http://www.medipacademy.com/,200.0
Mediterranean Center of Social and Educational Research,http://mcser.org/,200.0
MEDNANO Publications,http://www.medtechnano.com/,200.0
Medwell Journals,http://www.medwelljournals.com/home.php,200.0
Medwin Publishers,http://medwinpublishers.org/,200.0
Meghana Publications,http://meghanapublications.com/index.php#MEGHANA,200.0
Mehta Press,http://www.mehtapress.com/,200.0
Merit Research Journals,http://meritresearchjournals.org/index.htm,200.0
Meta Research Press,http://www.mrpress.org/,200.0
MNK Publication,http://www.mnkjournals.com/index.htm,406.0
Modern Research Publishers,http://www.modernrespub.org/,200.0
Modern Scientific Press,http://modernscientificpress.com/,200.0
Mr. Scholar,https://www.mrscholar.com/,200.0
Muhammadon Centre for Research and Development,http://www.muhammadon.org/index.php,500.0
MuK Publications & Distributions,http://www.mukpublications.com/,200.0
Multidisciplinary Journals,http://www.multidisciplinaryjournals.com/,200.0
Mustang Journals,http://mustangjournals.com/index.html,200.0
N&N Global Technology,http://www.nngt.org/,200.0
Narain Publishers Pvt. Ltd,http://www.npplweb.com/,200.0
National Association of Scholars,http://national-science.ru/,200.0
National College of Physicians,https://www.ncnp.org/medical-journals.html,200.0
Natural Sciences Publishing Corporation,http://www.naturalspublishing.com/index.asp,200.0
Naturepub,http://naturepub.org/,403.0
Nauk Publication,http://www.naukpublication.org/,200.0
Nemis Journals,http://www.nemisjournals.org/,200.0
Nessa Publishers,http://www.nessapublishers.com/index.php,404.0
Net Journals,http://www.netjournals.org/,406.0
New Century Publishing Group,http://www.newcpress.com/,200.0
New Century Science Press,http://www.newcenturyscience.com/,200.0
New Delhi Publisher,http://ndpublisher.in/index.php,200.0
New Ground Research Journals,http://www.newgroundresjournals.org/,200.0
New Science Series Journals,http://web.newscienceseries.com/,200.0
New Scientist Publishers,http://www.newscientistpublish.com/,200.0
New World Publishing,http://www.newworldpub.com/homepage.html,200.0
New World Sciences Academy,http://www.newwsa.com/,200.0
Newpubli,http://www.newpubli.com/index.shtml,404.0
Nexus Academic Publishers,http://nexusacademicpublishers.com/,200.0
nhsJournal,http://nhsjournals.org/,200.0
Noble Academic Publisher,http://napublisher.org/,200.0
Nobel International Journals,http://www.nobel.gen.tr/,200.0
NobleResearch,http://nobleresearch.org/,200.0
Non Olympic Times,http://www.nonolympictimes.org/,200.0
North American Research Publishing,http://www.narpub.com/,200.0
North Asian International Research Journal Consortium,http://www.nairjc.com/,200.0
North Atlantic University Union,http://www.naun.org/wseas/cms.action,200.0
Noto-are,https://www.notoare.com/,
Nova Explore Publications,http://novaexplore.com/,200.0
Novel Science,http://www.nvlscience.com/,200.0
Novelty Journals,http://www.noveltyjournals.com/,406.0
Social Science Journals,http://socialsciencejournals.com/,406.0
Novus Scientia Journals,http://novusscientia.org/index.php,
Nuclei Online,http://nucleionline.org/,404.0
OA Publishing London,http://oapublishinglondon.com/index.php,200.0
"OAE Publishing, Inc. (OAE)",http://oaepublish.com/,200.0
Oak-Fortress Journals,http://oakfortressjournals.org/index.php,404.0
OASP Journals,http://www.oaspjournal.org/,200.0
Oceanic Journals,http://oceanicjournals.org/,200.0
Ology Science,http://ologyscience.com/index.php,200.0
OMICS International,http://www.omicsonline.org/,200.0
Ommega Publishers,http://ommegaonline.com/,200.0
OneCentral Press,http://www.onecentralpress.com/,200.0
Online Journals Management System,http://onlinejournals.oscij.com/index.php/index/index,
Online Research Journals,http://onlineresearchjournals.org/index.htm,
Online Science Publishing,http://onlinesciencepublishing.com/,406.0
OPAST,http://www.opastonline.com/,200.0
Open Access eBooks,http://openaccessebooks.com/,406.0
Open Academic Press,http://www.openacademicpress.de/,404.0
Open Access Journal Limited,http://theojal.com/,200.0
Open Access Journals,http://www.openaccessjournals.com/,200.0
Open Access Journals Publishing Company,http://oaj-pc.com/,200.0
Open Access Library,http://www.oalib.com/,200.0
Open Access Pub,http://www.openaccesspub.org/,200.0
here,http://oap-journals.org/index.php,200.0
Open Access Publishing Group,http://oapub.org/edu/index.php/index,200.0
Open Access Science Research Publisher ,http://openaccessscience.com/,200.0
Open Access Text,http://oatext.com/,200.0
Open BioMedical Publishing Corporation,http://www.obm-pc.com/,200.0
LIDSEN Publishing Inc.,http://www.lidsen.com/,200.0
Open Journal Systems,http://ambs-journal.co.uk/ojs-2.4.7-1/index.php/index,200.0
Open Knowledge Journals,http://okjournals.org/,
Open Research and Science Library,http://www.orslib.org/index.html,403.0
Open Research Network,http://www.openresearchnetwork.org/,406.0
Open Research Society,http://www.open-knowledge-society.org/,
Open Science,http://www.openscienceonline.com/,200.0
Open Science Publications,http://www.opensciencepublications.com/,406.0
OpenAccessPub,http://www.openaccesspub.org/,200.0
here,http://oap-journals.org/index.php,200.0
Openventio Publishsers,http://openventio.org/,200.0
OPR Science,http://oprscience.com/,200.0
ORB Academic Publisher,http://www.orb-academic.org/,200.0
Orbit Research and Development,http://www.orbitjournals.com/index.php,
ORIC Publications ,http://www.oricpub.com/,503.0
Ozean Publications,http://ozelacademy.com/,200.0
Pacesetter Online Publishers,http://pacesetteronlinepublishers.org/,200.0
Pacific Group of e-Journals,http://pacificejournals.com/,200.0
Pak Publishing Group,http://www.pakinsight.com/,200.0
Pakistan Science Mission,http://psmpublishers.org/,200.0
Palgo Journals,http://www.palgojournals.org/,406.0
Panacea Research Library,http://prlpublisher.com/,
Paper Publications,http://www.paperpublications.org/,406.0
Social Science Journals,http://socialsciencejournals.com/,406.0
PaperSciences Research Publisher,http://www.papersciences.com/,200.0
Paramount Journals,http://www.paramountjournals.com/,200.0
PBS Journals,http://pbsjournals.com/index.php,200.0
Peak Journals,http://www.peakjournals.org/index.html,200.0
Pearl Publication,http://www.pearlpub.com/,404.0
Pearl Research Journals,http://www.pearlresearchjournals.org/,200.0
Peertechz,http://www.peertechz.com/,200.0
Pelagia Research Library,http://pelagiaresearchlibrary.com/index.html,200.0
Pencil Academic Press,http://www.pencilacademicpress.org/,
Pezzottaite Journals,http://pezzottaitejournals.net/pezzottaite/,404.0
Pharma Intelligence,http://www.pharmaintelligence.org/,406.0
Pharma Publisher,http://www.pharmapublisher.com/,
Pharma Research Library,http://www.pharmaresearchlibrary.com/,200.0
Pharmaceutical Research Foundation,http://pharmresfoundation.com/,200.0
PharmaInfo,http://www.pharmainfo.in/,406.0
PharmaInterScience Publishers,http://www.pharmainterscience.com/,200.0
Pharmascope Publications,http://www.pharmascope.org/,200.0
Philippine Association of Institutions for Research,http://philair.ph/publication/index.php/index/index,
Photon Foundation,https://sites.google.com/site/photonfoundationorganization/,200.0
Pinnacle Journal Publication,http://pjpub.org/,
Pinnacle Research Journals,http://prj.co.in/,200.0
Pioneer Scientific Publisher,http://www.pspchv.com/,200.0
PiscoMed Publishing,http://www.piscomed.com/,200.0
Planetary Scientific Research Center,http://psrcentre.org/,406.0
Platinum Global Journals,http://www.platinumglobaljournals.org/,200.0
Premier Publishers,http://premierpublishers.org/,200.0
PressAcademia,http://www.pressacademia.org/,406.0
Prime Journals,http://www.primejournal.org/index.html,200.0
Pristine Research Journal Publications,http://www.prjp.org/index.htm,404.0
Priyanka Research Journal Publication,http://www.prjpublication.com/index.html,404.0
International Journal of Academic Research (Publisher),http://www.eu-print.org/ilk.php,200.0
Progressive Academic Publishing,http://www.idpublications.org/,406.0
Progressive Science Publications,http://www.pscipub.com/MWP/,200.0
Project Innovation,http://www.projectinnovation.biz/,404.0
here,http://www.projectinnovation.com/,200.0
ProJournals ,http://www.projournals.org/,403.0
Proscience Journals,http://www.proscience-journals.com/default.php,404.0
Prudence Journals,http://www.prudencejournals.org/index.htm,200.0
Prudent Journals,http://prudentjournals.org/IRJCP/,
Pubicon International Publications,http://www.pubicon.com/,200.0
Public Science Framework,http://www.aiscience.org/psf/index.html,200.0
Publishing House of Sciences,http://phosciences.com/,200.0
Pulsus Group,http://www.pulsus.com/,200.0
Purple Journals,http://www.purplejournals.org/,200.0
Pushpa Publishing House,http://www.pphmj.com/,406.0
Pyrex Journals,http://www.pyrexjournals.org/,200.0
Qingres,http://www.qingres.com/,200.0
Quazzy Journals,http://quazzyjournals.org/index.htm,
Quest Journals,http://www.questjournals.org/index.html,200.0
R&D Modern Research Publication,http://rdmodernresearch.com/,200.0
R & S Publications,https://sites.google.com/a/randspublications.org/randspublications/home,200.0
RAJ Group,http://www.ra-j.org/,200.0
Rating Academy,http://ratingacademy.com.tr/web/index.php/en/,404.0
Readers Insight Publishers,http://readersinsight.net/,500.0
Recent Science,http://recentscience.org/,
Red Flower Publication Private Limited,http://www.rfppl.co.in/index.php,200.0
RedFame Publishing,http://www.redfame.com/home/,200.0
Remedy Publications,http://www.remedypublications.com/,200.0
Renu Publishers,https://renupublishers.com/,200.0
Research & Analysis Journals,http://www.rajournals.in/,406.0
Research Academy of Social Sciences,http://www.rassweb.com/,200.0
Research Alert Journals,http://resealert.com/,200.0
Research and Educational Society,http://www.resindia.org/,200.0
Research and Information Organization,http://riojournals.com/home/,200.0
Research and Knowledge Publication,http://www.rekpub.com/,200.0
Research and Scientific Innovation Society,http://www.rsisinternational.org/,406.0
Research & Reviews,http://www.rroij.com/,200.0
Research Centre for Management and Social Studies,http://rcmss.com/,406.0
Research Consultants and Publisher,http://recopublisher.org/index.php/Recopublisher,200.0
Research Foundation for Humanity,http://rfh.org.pk/,200.0
Research India Publications,http://www.ripublication.com/,403.0
Research Institute for Progression of Knowledge,http://www.ripknet.org/,200.0
"Research Institute for Science, Technology, and Society ",http://journal.ristas.org/,
Research Journal,http://www.researchjournalz.com/,200.0
ResearchLEAP,http://researchleap.com/,200.0
Research Open,http://researchopenworld.com/,406.0
Research Publish Journals,http://www.researchpublish.com/,406.0
Social Science Journals,http://socialsciencejournals.com/,406.0
Research Publisher,http://researchpub.org/index.html,200.0
Research Publishing Group,http://rpublishing.org/,200.0
"Research, Science, and Technology Publishers",http://rstpublishers.com/,200.0
Research Script,http://researchscript.com/,200.0
Research Trend,http://www.researchtrend.net/,200.0
Research WebPub,http://www.researchwebpub.org/,200.0
Researchjournali,http://www.researchjournali.com/index.php,200.0
Revistas Academicas,http://revistas-academicas.com/,200.0
Revotech Press,http://www.revotechpress.com/,200.0
RG Education Society,http://www.rgsociety.org/,200.0
Rising Vision,http://www.risingvision.org/index.html,
Ross Science Publishers,http://rossscience.org/index.php,200.0
RS Publication,http://rspublication.com/,200.0
"Rutveg Publishing, Inc.",http://www.rutveg.com/,200.0
RW|ResearchWorld,http://researchworld.org/,200.0
Sacha And Diamond Academic Publishers,http://www.sachajournals.com/,406.0
Sageya Publishers,http://www.jicep.com/?page=aboutsageya,200.0
Sadguru Publications,http://www.sadgurupublications.com/ContactUs.aspx,404.0
Sai Om Publications,http://www.saiompublications.com/,400.0
Sai Scientific Communications,http://sphinxsai.com/index.htm,200.0
Sakun Publishing House,http://www.ijplsjournal.com/index.html,406.0
SAMANM Group of Research Publications,http://www.samanmjournals.org/,200.0
Sanford Inter Science Press,http://sispress.org/,200.0
Sans Publishing Group,http://www.sansgroup.org/,200.0
Sapient Press,http://www.sapientpress.com/index.html,
Savant Journals,http://savantjournals.org/,200.0
SAVAP International,http://www.journals.savap.org.pk/,200.0
Savvy Science Publisher,http://savvysciencepublisher.com/,200.0
Scholar Journals,http://www.scholarjournals.org/,200.0
Scholar People,http://scholarpeople.org/,200.0
Scholar Publications,http://www.scholarpublications.in/index.html,200.0
Scholar Science Journals,http://www.ssjournals.com/,406.0
ScholArena,http://www.scholarena.com/,200.0
here,http://www.scholarenagroup.com/,200.0
Scholarlink Resource Centre Limited,http://scholarlinkresearch.com/,200.0
Scholarly and Academic Research Journals,http://www.sarjournals.org/index.html,200.0
Scholarly Journals,http://scholarly-journals.com/index.htm,200.0
Scholarly Research Journal’s,http://www.srjis.com/,406.0
Scholarly Research Publisher,http://www.srpublishers.org/,200.0
Scholars Academic and Scientific Publishers,http://saspublisher.com/,200.0
Scholars Scitech Research,http://www.scischolars.com/,
Scholars Middle East Publishers,http://scholarsmepub.com/,200.0
Scholars Research Library,http://scholarsresearchlibrary.com/,200.0
ScholarsHub.net,http://www.scholarshub.net/,200.0
Scholedge R&D Center,http://thescholedge.org/,403.0
Scholink,http://www.scholink.org/Home.html,200.0
Scholoxy Publications,http://www.scholoxy.org/open-access-journals.php,404.0
Sci-Afric Publishers,http://www.sci-africpublishers.org/,200.0
Sci-Edit Publications,http://sci-edit.net/journal/,
Sci Forschen,http://sciforschenonline.org/,200.0
SciDoc Publishers,http://scidoc.org/index.php,406.0
Sciedu Press,http://sciedu.ca/web/,200.0
Science & Engineering Research Support soCiety,http://www.sersc.org/,200.0
Science & Knowledge Publishing Corporation Limited,http://scik.org/,200.0
The Science and Information Organization,http://thesai.org/,200.0
Science and Knowledge Research Society,http://www.sandkrs.com/index-2.html,403.0
Science Academy Publisher,http://www.sciacademypublisher.com/,200.0
Science Alert,http://scialert.net/index.php,200.0
Science and Education Centre of North America,http://www.todayscience.org/,200.0
Science and Education,http://www.sciepub.com/portal/Home,404.0
Science and Engineering Publishing Company,http://www.seipub.org/,200.0
Science and Technology Central,http://scitechc.com/index.php/index,
Science and Technology Publishing,http://www.scitecpub.com/,200.0
Science Arena Publications,http://sciarena.com/MWP/,404.0
Science Education Foundation,http://www.ejournalnet.com/,200.0
Science Explorer Publications,http://explorerpub.com/en/,403.0
Science Fair Open Library,http://www.sciencefairopenlib.com/index.html,
ScienceFlora,http://scienceflora.org/,200.0
Science Huβ,http://scihub.org/,200.0
Science Instinct Publications,http://www.sciipub.com/,
Science Journal Publication,http://www.sjpub.org/,200.0
Science Park Journals,http://scienceparkjournals.com/,200.0
Science Park Research Organization and Counseling,http://www.sproc.org/index.htm,404.0
Science Publications,http://www.thescipub.com/,200.0
Science Publications,http://www.sciencepublication.org/,200.0
Science Publishers,http://thesciencepublishers.com/,200.0
Science Publishing Corporation,http://www.sciencepubco.com/,200.0
Science Publishing Group,http://www.sciencepublishinggroup.com/home/index.aspx,200.0
SciencePG,http://sciencepg.com/,200.0
SCIPG,http://scipg.net/,200.0
Science Q Publishing Group,http://www.scienceq.org/,200.0
Science Record Journals,http://www.sciencerecord.com/,200.0
Science Research Association,http://www.scirea.org/,200.0
Science Research Library,http://www.scienceresearchlibrary.com/,200.0
Science Sights,http://sciencesights.com/j/home.php?x=0,200.0
Science Signpost Publishing Inc.,http://www.ss-pub.org/,200.0
Science Target,http://www.sciencetarget.com/,406.0
Science Web Publishing,http://www.sciencewebpublishing.net/,406.0
ScienceDomain International,http://www.sciencedomain.org/,200.0
here,http://www.sciencedomains.org/,200.0
here,https://sciencedomaine.org/,200.0
Scienceline Publications,http://www.science-line.com/index/,200.0
ScienceSolve,http://www.sciencesolve.com/,200.0
Sciences & Engineering Research Publication,http://www.scenrp.com/,200.0
ScienceScript,http://www.sciencescript.org/,200.0
Scienpress Ltd.,http://www.scienpress.com/Default.asp,200.0
Sciencevier,http://sciencevier.com/,200.0
Scient Open Access,http://scientonline.org/,200.0
ScienTech Publisher,http://www.sci-en-tech.com/index.html,200.0
Scientia Ricerca,http://scientiaricerca.com/,406.0
Scientia Socialis,http://www.scientiasocialis.lt/?q=node/5,403.0
Scientific & Academic Publishing,http://www.sapub.org/journal/index.aspx,200.0
Scientific Advances Publishers,http://www.scientificadvances.co.in/,200.0
Scientific & Academic Publishing,http://www.sapub.org/journal/index.aspx,200.0
Scientific Cooperations,http://ase-scoop.org/journals.html,200.0
Scientific Federation,http://scientificfederation.com/index.php,404.0
Scientific Future,http://scientificfuturegroup.com/,200.0
Scientific Institute For Advanced Training and Studies,http://www.siats.co.uk/,200.0
Scientific Journals,http://www.scientific-journals.co.uk/,403.0
Scientific Journals International,http://www.scientificjournals.org/,200.0
Scientific Literature,http://www.scientificliterature.org/,200.0
Scientific Online Publishing,http://www.scipublish.com/,200.0
Scientific Open Access Journals,http://www.scientificoajournals.org/index.php,200.0
The Scientific Pages,http://thescientificpages.org/,200.0
Scholarly Pages,http://scholarlypages.org/,200.0
Scientific Perspectives Publishing,http://waprogramming.com/index.php,200.0
Scientific Planet,http://www.sciencebeingjournal.com/,406.0
Scientific Platform Online Journals,http://sciplatform.com/journals/index.php/index/index,404.0
Scientific Research Gate,http://scigatejournals.com/publications/,200.0
Scientific Research Publishing,http://www.scirp.org/,200.0
Scientific Times,http://scientifictimes.org/index.html,200.0
Scientific Viewers,http://www.scientificviewers.com/,200.0
ScientificWebJournals,http://www.scientificwebjournals.com/,404.0
Sci Forschen,http://sciforschenonline.org/,200.0
Scigmoid,http://www.scigmoid.com/index.php,200.0
Sciknow,http://www.sciknow.org/,200.0
Scinzer Scientific Publications,http://www.scinzer.com/,200.0
SciPress Ltd,http://www.scipress.com/,200.0
SciRes Literature,http://scireslit.com/index.php,200.0
SciRex,http://scirexonline.com/,200.0
SCITECH,http://scitecresearch.com/,200.0
SciTech Publishers,http://www.thescitechpub.com/publishers/index.aspx,200.0
Scitechz,http://scitechz.com/index.html,404.0
SciTechnol,http://scitechnol.com/,200.0
ScottishGroup Education and Testing Services,http://scottishjournal.co.uk/,200.0
Scribes Guild,http://www.scribesguildjournals.org/journals.html,403.0
SEAHI Publications & Academic Journals,http://seahipaj.org/,200.0
Segment Journals,http://www.segmentjournals.com/,200.0
Seitejournals,http://www.seitejournals.com/,200.0
Serials Publications,http://www.serialsjournals.com/,406.0
SETScholars,http://www.setscholars.org/,404.0
Seventh Sense Research Group Journals,http://www.internationaljournalssrg.org/index.html,404.0
Shri Param Hans Education & Research Foundation Trust,http://www.sphert.org/,200.0
Sift Desk,http://www.siftdesk.org/,
Significs Online Publishing,http://significsonline.com/,200.0
Signpost e Journals,http://signpostejournals.com/ejournals/Home.aspx,200.0
Silicon Valley Publishers,http://www.svpublishers.co.uk/,200.0
Singaporean Journals,http://iaaet.org/sjsr/index.html,404.0
SJournals,http://sjournals.com/,200.0
Sky Journals,http://www.skyjournals.org/index.htm,200.0
Slovakia Academic Publishing,http://www.skaponline.com/,200.0
SM Group (SM Online Publishers),http://smjournals.com/,200.0
Smart Science & Technology,http://www.smartscitech.com/,200.0
SmatPub,http://smatpub.com/Journals.php,200.0
Smile Nation – Lets Smile Together,http://www.ijsscr.com/contact.html,200.0
Smith & Franklin Academic Publishing Corporation,http://smithandfranklin.com/,200.0
Society for Advancement of Sciences,http://www.sasjournals.com/,200.0
Society for Science and Education United Kingdom,http://scholarpublishing.org/index.php/index,200.0
Society for Science and Education,http://scholarpublishing.org/sse/,200.0
Society for Science and Nature,http://scienceandnature.org/index.php,200.0
Society of Business Research,https://www.sbrconferences.com/,
Society of Digital Information and Wireless Communications,http://sdiwc.net/,200.0
Society of Education,http://soeagra.com/,403.0
JCR,http://mjl.clarivate.com/cgi-bin/jrnlst/jlresults.cgi?PC=MASTER&ISSN=0976-4585,200.0
Society of Engineering Science and Technology,http://www.sestindia.org/,200.0
Sons and Daughters Publishing House,http://www.e-journaldirect.com/index.php,200.0
Source,http://www.researchsource.org/home,406.0
Source Journals,http://sourcejournals.com/,200.0
South Asian Academic Research Journals,http://www.saarj.com/index.html,404.0
Southern Cross Publishing Group,http://www.sciencej.com/submit.html,404.0
Speak Foundation,http://foundationspeak.com/,403.0
SPIRI The Global Research,http://www.spiri.org/,200.0
Spring City Culture International Group Pte Ltd.,http://www.springcityculture.com/,403.0
here,http://www.spring-city.org/,
Spring International S&T Publishing Media Co.,http://springpublishing.org/index.php/index/index,200.0
Spring Journals,http://www.springjournals.net/,200.0
Springwood Publishing Corporation,http://www.springwoodpublication.com.au/,
Sprint Journals,http://www.sprintjournals.com/,200.0
Sri Krishna International Research & Educational Consortium,http://skirec.org/index,200.0
SS Publications,http://www.sspublications.co.in/,200.0
St. Anne Mary Publication,http://www.annemary.org/publication,404.0
Standard Global Journals,http://www.standardglobaljournals.com/index.html,200.0
The Standard International Journals,http://www.thesij.com/,200.0
Standard Research Journals,http://standardresearchjournals.org/,
Statperson Publishing Corporation,http://statperson.com/,200.0
STM Connect,http://www.stmconnect.com/,200.0
Streem Journal,http://streemjournals.org/,
Stringer Open,http://www.stringeropen.com/,200.0
Suryansh Publications,https://scholarlyoa.wordpress.com/wp-admin/www.suryanshpublications.inf,404.0
Sustainable Scientific Publisher,http://www.sustsci.org/,200.0
SV Publication,http://www.svpublication.com/#,200.0
Swan Open,http://www.swanopen.com/,200.0
Swedish Scientific Publications,http://swedishscientificpublications.com/,200.0
Swift Journals,http://www.swiftjournals.org/,200.0
Swiss Journals,http://www.swissjournals.org/,200.0
Symbiosis ,http://symbiosisonlinepublishing.com/index.php,200.0
Synchro Publisher,http://www.synchropublisher.com/,200.0
Synergy Publishers,http://www.synergypublishers.com/,200.0
T&S Journal PUblications,http://tands-journal-publications.com/,200.0
TAF Publishing,http://www.tafpublications.com/platform,406.0
Takayama Publishing Group,http://journal.medsys-site.com/,200.0
Takshila,http://takshila.org/,200.0
Taraksh Journals,http://www.taraksh.org/index.htm,404.0
Techmind Research,http://www.techmindresearch.com/index.php?page=index,404.0
Technical Journals Online,http://www.technicaljournalsonline.com/index.html,200.0
Technopark Publications,http://technoparkpublications.com/,200.0
Techno Science Academy,http://technoscienceacademy.com/,406.0
Terminal Journals,http://www.terminaljournals.org/,200.0
Textroad Journals,http://www.textroad.com/,200.0
Thales Academic Publisher,http://www.thalespublisher.com/,200.0
Thavan E ACT International Journals,http://www.thavan.org/,
Thetic Journals,http://theticjour.in/,
Thomson & Ryberg Publications,http://www.trpubonline.com/index.php,406.0
TI Journals,http://waprogramming.com/,200.0
Time Journals,http://www.timejournals.org/,
Timeline Publication Pvt. Ltd.,http://timelinepublication.com/,200.0
TLEP Journals,http://www.tlepub.org/en/,
Tomas Publishing,http://tomaspubs.com/,403.0
Topclass Global Journals,http://www.topclassglobaljournals.org/,200.0
"Trade Science, Inc",http://www.tsijournals.com/,200.0
Trans Stellar,http://www.tjprc.org/index.php,200.0
Transaction Series on Engineering Sciences and Technologies,http://www.tsest.org/,200.0
Transcontinental Publishers,http://icjpublishers.org/index.php,500.0
Transnational Research Journals,http://universalresearchjournals.org/,200.0
TSPublications,https://sites.google.com/a/tspublications.org/tspublications/home,200.0
Tulpar Academic Publishing,http://www.challengejournal.com/,200.0
U.S. Science Press,http://usspress.com/,
UHIVE,http://www.uhedergisi.com/?sayfa=icerik&tur=icerik&kategori=diger-dergilerimiz&icerik=diger-dergilerimiz,200.0
here,http://www.uhedergisi.com/,200.0
Ulster Press,http://ulster-press.uk/,
Unified Journals,http://unifiedjournals.org/,200.0
Unique Journals Communication,http://www.ujconline.net/,200.0
Unique Research Journals,http://www.uniqueresearchjournals.com/index.htm,404.0
United Scholars Publications,http://www.unitedscholars.net/home.html,200.0
United Scientific Group,http://unitedscientificgroup.com/,200.0
Universal Association of Computer and Electronics Engineers,http://uacee.org/,200.0
Universal Association of Mechanical and Aeronautical Engineers,http://uamae.org/,200.0
Universal Publishing & Research Organization,http://www.upro.org.in/,
Universal Research Group,http://universalrg.org/index.aspx,404.0
Universal Research Publications,http://urpjournals.com/contactus.php,200.0
Universe Scientific Publishing,http://www.usp-pl.com/,200.0
UniversityPublications.net,http://www.universitypublications.net/index.html,200.0
Universum Scientific Journals,http://7universum.com/en/,404.0
here,http://sibac.info/universum,200.0
Uptodate Research Publication,http://www.uptodateresearchpublication.com/,200.0
URO Journals,http://www.urojournals.com/,200.0
USN Scientific Journal,http://usnsj.com/index.php/index/index,406.0
Valley International Journals,http://valleyinternational.net/index.php,406.0
VBRI Press,http://www.vbripress.com/,200.0
Verizona Publisher,http://verizonaonlinepublishing.com/,200.0
Vernon Innovative Publishers,http://www.vipoa.org/,200.0
VIBGYOR Online Publishers,http://vibgyorpublishers.org/main/index.php,200.0
Victorquest Publications,http://victorquestpub.com/,200.0
Vidya Publications,http://vidyapublications.com/home.php,200.0
Virtual Foundation for Advancement of Science and Technology,http://www.vfast.org/,
VNMPublication,http://www.vnmpublication.com/Journal.htm,200.0
Vow Scientific Quest,http://vowscientificquest.com/,200.0
VRJ Publishers,http://www.vrjpublishers.com/index.php/index/index,404.0
VSRD International Journals,http://www.vsrdjournals.com/,200.0
Watch Plus,http://www.watchpub.org/index.htm,
Webcrawler Journals,http://webcrawlerjournals.org/,200.0
We-Together to Save Yourself Society,http://www.sospublication.co.in/index.php,404.0
Wesley & Eber Publishing,http://weberpub.org/,404.0
West East Institute,http://www.westeastinstitute.com/,406.0
WFL Publisher,http://world-food.net/,406.0
Whites Science,http://whitesscience.com/,406.0
Whioce Publishing Pte. Ltd.,http://www.whioce.com/,200.0
Wilolud Journals,http://www.wiloludjournal.com/page.php?3,503.0
Wireilla Scientific Publications,http://wireilla.com/,200.0
WIT Press,http://www.witpress.com/,200.0
WOAR Journals,https://www.woarjournals.org/,200.0
World Academic Journal of Business & Applied Science,http://wajbas.webs.com/,410.0
World Academic Publishing,http://www.academicpub.org/,200.0
World Academic Research Journals,http://www.worldacademicresearchjournals.org/,200.0
World Academic Union,http://www.worldacademicunion.com/default.html,200.0
World Academy of Research and Publication,http://www.warponline.org/,200.0
World Academy of Research in Science and Engineering,http://warse.org/,403.0
World Academy of Science and Technology,http://www.wastinc.us/,200.0
"World Academy of Science, Engineering and Technology",http://www.waset.org/publications.php,520.0
World Business Institute,http://www.wbiworld.org/,200.0
http://www.wassco.org/,http://www.wassco.org/,200.0
World Journal of Publisher,http://www.wjp.co.in/,200.0
World Journals of Academic Advances,http://www.wjoaa.org/,
World Open Access Journals,http://www.woaj.org/,200.0
World Research Journals,http://worldresearchjournals.com/,
World Research Library,http://worldresearchlibrary.org/journal.php,404.0
World Research Publications,http://www.wrpjournals.com/,200.0
World Scholars,http://wscholars.com/,
World Science and Research Publishing,http://www.wsrpublishing.com/index.php/wsrp,403.0
World Science Publisher,http://www.worldsciencepublisher.org/index.php,200.0
World Science Research Journals,http://www.wsrjournals.org/,404.0
World Scientific and Engineering Academy and Society,http://www.wseas.org/,200.0
World Standard Organization,http://standard.org/,200.0
World Wide Journals,http://www.worldwidejournals.com/,200.0
Wudpecker Research Journals,http://www.wudpeckerresearchjournals.org/,200.0
Wyno Academic Journals,http://www.wynoacademicjournals.org/index.html,200.0
Wyvern Publishing Group,http://www.wyvernpublishinggroup.com/,200.0
Xia & He Publishing,http://www.xandhpublishing.com/Default.aspx?sid=1,500.0
here,http://www.xiahepublishing.com/,200.0
Yellow Loop Journal,http://journal.yloop.com/,200.0
Zant World Press,http://zantworldpress.com/,403.0
Zeal Scienza Realm of Erudition,http://zealscienza.com/zealscienza/,404.0
ZealSci Journals,http://www.zealscijournals.com/index.html,200.0
Zeetarz Group Publishing,http://www.zeetarz.com/,200.0
Zenith International Research and Academic Foundation,http://www.zenithresearch.org.in/,200.0
Zia World Press,http://ziaworldpress.com/,
ZolCat Academic House,http://www.zolcat.com/,406.0
Zt-Journals,http://www.ztjournals.com/,
Zygoscient,http://zygoscient.org/,200.0
Academic Publications,https://www.academicpublications.net/,200.0
here,http://www.newresearchjournal.com/,200.0
Academic Solutions,https://acadsol.eu/,200.0
ACTA Press,http://www.actapress.com/,200.0
Acta Scientific,https://actascientific.com/journals.php,200.0
Advanced Research Society for Science and Sociology,http://arsss.org/,200.0
AGU Publications,http://www.agupublication.com/,
AI Publications,http://aipublications.com/,200.0
Akademia Baru Publishing,http://www.akademiabaru.com/,200.0
AMS Central,http://www.amscentral.com/,200.0
Ant Journals,http://www.antjournals.org/,
Arena Of Sciences,http://arenaofsciences.com/,200.0
Asclepius Open,https://asclepiusopen.com/,406.0
"Auctores Publishing, LLC",https://www.auctoresonline.org/,406.0
Bilingual Publishing Co,http://www.bilpublishing.com/,200.0
Bio-Byword Publishing PTY LTD,http://www.bbwpublisher.com/,200.0
Biogeneric Publishers,https://biogenericpublishers.com/,200.0
"BiomedGrid, LLC",https://biomedgrid.com/,200.0
"Biomedical Research Network+, LLC",http://biomedres.co/,200.0
Birlesik Dunya Yenilik Arastirma ve Yayincilik Merkezi,https://www.un-pub.eu/ojs/,200.0
Boffin Access,https://www.boffinaccess.com/,200.0
Book Publisher International,https://www.bookpi.org/,200.0
Bosal Journals,http://bosaljournals.com/,406.0
Boya Century Publishing,http://www.journals.cfp.edu.pl/,200.0
British Bio Medicine Institute,https://www.britishbiomedicine.com/,200.0
BUSSECON International Publishing,https://bussecon.com/,200.0
Cambridge Scholars Publishing,http://www.cambridgescholars.com/,200.0
Center for Academic Research,https://www.ijssb.com/index.php/car,200.0
Center for Contemporary Research,http://www.ijbmcnet.com/index.php/ccr,200.0
Center for Promoting Education and Research,http://cpernet.org/,200.0
Centre for Research on Islamic Banking & Finance and Business,https://www.cribfb.com/,200.0
Chembio Publishers,http://chembioepub.com/,403.0
here,https://www.chembiopublishers.com/,200.0
Cientific Group,https://www.cientificgroup.com/journals.php,
Cloud Journals,http://www.cloud-journals.com/,200.0
Cloud Publications,https://www.cloudpublications.org/,200.0
CME Publishing Group,http://www.cmepub.com/index,200.0
Coalesce Research Group,http://coalesceresearchgroup.com/,
Consortia Academia,http://consortiacademia.org/,200.0
Copernicus Publishing,http://copernicuspublishing.com/,200.0
Crimson Publishers,http://crimsonpublishers.com/,200.0
East African Scholars Publisher,http://www.easpublisher.com/,200.0
Edupedia Publications,http://edupediapublications.org/,200.0
International Scholarly Open Access Research,http://www.isoar.in/,404.0
Emeraldtree Publishing,http://emtpub.com/,406.0
Engineering Information Institute,http://www.engii.org/,200.0
EnPress Publisher,http://enpress-publisher.com/,200.0
eScientific Research,http://escires.com/,200.0
European Open Access Publishing,https://www.europapublishing.org/,200.0
FM Publishers,https://fmpublishers.org/,200.0
ForteOpen Journals,https://forteopen.com/,200.0
Fortune Journals,http://www.fortunejournals.com/,200.0
Geist Science,https://geistscience.com/,406.0
GIAP Journals,https://giapjournals.com/,200.0
GJ Publications,http://www.gjpublications.com/,200.0
Global Press Hub,https://globalpresshub.com/,200.0
Global Vision Press,https://gvpress.com/journals/,200.0
Globeedu Group,http://www.globeedugroup.com/,200.0
GPH Journal,http://www.gphjournal.org/,200.0
Green Publication,https://gnpublication.org/,406.0
Gupta Publications,http://www.guptapublications.com/,200.0
Healthcare Bulletin,http://www.healthcare-bulletin.com/,200.0
Hilaris Publisher,https://www.hilarispublisher.com/,200.0
i-manager Publications,http://www.imanagerpublications.com/,200.0
i-Proclaim,https://i-proclaim.my/,406.0
​,http://www.imrpress.org/,200.0
Incessant Nature Science Publishers,http://www.inspublishers.com/,200.0
Infogain Publication,http://infogainpublication.com/,200.0
Informing Science Institute,https://www.informingscience.org/,200.0
Innovation Info,https://innovationinfo.org/,406.0
"Innovision Health Media, Inc.",http://innovisionhm.com/,200.0
"Institute for Environment, Engineering, Economics",http://ieee.am/,
Institute for Promoting Research & Policy Development,https://iprpd.org/,200.0
International Association for Research and Science,https://www.iaras.org/,200.0
International Association of Engineers,http://www.iaeng.org/,200.0
International Association of Science and Technology for Development,http://www.iasted.org/,200.0
International Business Academics Consortium,http://ibac-conference.org/ibac/index.html,200.0
International Center for Promoting Knowledge,https://icpknet.org/,200.0
"International Institute of Education, Research and Development",https://www.iierd.org/,403.0
International Institute of Social and Economic Sciences,https://www.iises.net/,200.0
International Journal of Modern Research and Development,http://www.ijmrnd.com/,404.0
International Peer Reviewed Journals and Books,https://www.iprjb.org/,200.0
International Publisher LLC,http://publisher-europe.com/?l=us,200.0
International Scientific Journal,http://www.scientific-journal.com/,406.0
International Scientific Organization,http://www.iscientific.org/,406.0
International Technology and Science Publications Ltd,http://www.itspoa.com/,200.0
Institute of Mathematics and Management,https://imathm.edu.lk/publications,200.0
IPN Education Group,http://www.ipneducationgroup.org/,404.0
IRDP Group of Journals,http://irdp.info/,200.0
IRIS Publishers,https://irispublishers.com/,200.0
ITSR,http://informtechcell.com/,406.0
Journals of University of Babylon,https://www.journalofbabylon.com/,200.0
Knowledge Insights,http://knowledge-insights.org/,200.0
Kosmos Publishers,http://www.kosmospublishers.com/,406.0
Lectito,http://www.lectitopublishing.nl/,200.0
Chemistry Research Journal,https://chemrj.org/,406.0
Pharmaceutical & Chemical Journal,https://tpcj.org/,406.0
Journal of Scientific and Engineering Research,https://jsaer.com/,406.0
LIDSEN Publishing Inc.,http://www.lidsen.com/,200.0
Open BioMedical Publishing Corporation,http://www.obm-pc.com/,200.0
Longdom Publishing,https://www.longdom.org/,200.0
Lupine Publishers,http://www.lupinepublishers.com/,200.0
Mak Periodical Library,https://makperiodicallibrary.com/,406.0
Magnus Med Club,https://www.magnusmedclub.com/,200.0
MedCave Publications,http://medcavepublications.org/,406.0
here,http://www.openaccessjournals.us/,
Medip Academy,https://www.medipacademy.com/,200.0
Medpulse Publishing Corporation,https://www.medpulse.in/,200.0
Medtext Publications,http://www.medtextpublications.com/,200.0
Mehria International Publishers,http://www.ijvets.com/,200.0
Modern Business Press,http://www.modernbusinesspress.com/,200.0
Molecular Biology Journals,http://www.molecularbiologyjournals.com/,200.0
NADIA,https://nadiapub.com/,200.0
National FORUM Journals,http://www.nationalforum.com/,200.0
Natural Science Simulations and Engineering Laboratory Limited,https://nssel.uk/,
Nextgen Research Publications,https://www.ijntr.org/,200.0
Ocimum Scientific Publishers,https://ocimumpublishers.com/,
Ology Journals,http://ologyjournals.com/,406.0
Onjourn,https://www.onjourn.org/,
Onomy Science,http://onomyscience.com/,406.0
Open Access (OA) Publication,https://oapublication.com/,
Open Exploration,https://www.explorationpub.com/,200.0
Oriental Scientific Publishing Company,http://ospcindia.org/,406.0
"Phronesis, LLC",https://phronesisonline.com/,200.0
Prague Development Center,http://www.pradec.eu/,200.0
Publishing Press,http://publishingpress.info/,200.0
PubMedHouse,http://www.pubmedhouse.com/,
Raft Publications,https://www.raftpubs.com/,200.0
ReDelve International Publications,https://www.redelve.com/,200.0
Research Center of Education and Science,http://rcesnet.com/,200.0
Research Infotext,https://researchinfotext.com/,406.0
Research Novelty Publisher,https://researchnovelty.com/,200.0
Research Pioneers,http://researchpioneers.com/,200.0
Research Route,http://www.researchroute.com/,200.0
Rivera Publications,http://riverapublications.com/,200.0
RM Research International Pte. Ltd,http://rmjournals.com/,
S Open Access Open Journals Publishing,https://soaoj.com/,200.0
SAE Publications,http://saepub.com/,406.0
Scholarly Pages,http://scholarlypages.org/,200.0
The Scientific Pages,http://thescientificpages.org/,200.0
Scholars Academic and Scientific Society,https://sassociety.com/journals/,200.0
SciAccess Publisher,http://www.sciaccesspublishers.com/,200.0
SCIAEON,http://sciaeon.org/,200.0
ScienceForecast Publications LLC,https://scienceforecastoa.com/,200.0
ScienceScholar,https://sciencescholar.us/,200.0
Science Publishing Gate,http://sciencepublishgate.com/,406.0
Science Publishing Group,http://spg.ltd/,200.0
Science Repository,https://www.sciencerepository.org/,200.0
Scientia Socialis,http://www.scientiasocialis.lt/,403.0
Scientific Education,http://www.scientificeducation.org/,200.0
Scimaze Group,https://scimaze.org/,200.0
SciTech Central Inc.,http://www.scitcentral.com/,200.0
SciVision Publishers,http://www.scivisionpub.com/,200.0
SDIP Press,https://www.sdippress.com/,200.0
Social Science Journals,http://socialsciencejournals.com/,406.0
Sryahwa Publications,http://www.sryahwapublications.com/,406.0
Stechnolock,http://www.stechnolock.com/,406.0
SunKrist Publishing,https://sunkristpublishing.com/,200.0
Synotec Publishers,http://www.synotecpublishers.com/,200.0
Syntax Publishers,https://syntaxpublishers.org/,
The American Publishing House,https://www.theamph.com/,200.0
Thomson.id,http://thomson.id/,
TMR Publishing Group,https://www.tmrjournals.com/,200.0
"TSNS “Interaktiv plus”, LLC",https://interactive-plus.ru/en,200.0
UK Education Consultancy Services Ltd,https://uk-education.com/publications,404.0
"United Prime Publications, Universal Access Medical Publishers",https://www.untdprimepub.com/,200.0
Universal Wiser Publisher,http://www.wiserpub.com/,200.0
Vision Science Research Sdn Bhd,http://vision-science.com/,200.0
Universe Scientific Publishing,http://www.usp-pl.com/,200.0
Multidisciplinary Digital Publishing Institute (MDPI),http://www.mdpi.com/,200.0
